{
  "dependencies": [
    {
      "name": "lime",
      "type": "git",
      "dir": null,
      "ref": "main",
      "url": "https://github.com/beihu235/lime"
    },
    {
      "name": "openfl",
      "type": "haxelib",
      "version": "9.3.2"
    },
    {
      "name": "flixel",
      "type": "git",
      "dir": null,
      "ref": "main",
      "url": "https://github.com/beihu235/flixel"
    },
    {
      "name": "flixel-addons",
      "type": "haxelib",
      "version": "3.2.1"
    },
    {
      "name": "flixel-ui",
      "type": "haxelib",
      "version": null
    },
    {
      "name": "flixel-tools",
      "type": "haxelib",
      "version": "1.5.1"
    },
    {
      "name": "hxcpp",
      "type": "git",
      "dir": null,
      "ref": "master",
      "url": "https://github.com/beihu235/hxcpp"
    },
    {
      "name": "hxCodec",
      "type": "haxelib",
      "version": "2.6.0"
    },
    {
      "name": "hxvlc",
      "type": "haxelib",
      "version": "null"
    },
    {
      "name": "SScript",
      "type": "git",
      "dir": null,
      "ref": "main",
      "url": "https://github.com/beihu235/SScript-8.1.6"
    },
    {
      "name": "hscript",
      "type": "haxelib",
      "version": "2.5.0"
    },
    {
      "name": "hxcpp-debug-server",
      "type": "haxelib",
      "version": null
    },
    {
      "name": "tjson",
      "type": "haxelib",
      "version": null
    },
    {
      "name": "hxdiscord_rpc",
      "type": "haxelib",
      "version": null
    },
    {
      "name": "linc_luajit",
      "type": "git",
      "dir": null,
      "ref": "master",
      "url": "https://github.com/superpowers04/linc_luajit.git"
    },
    {
      "name": "flxanimate",
      "type": "git",
      "dir": null,
      "ref": "dev",
      "url": "https://github.com/ShadowMario/flxanimate.git"
    },
    {
      "name": "extension-androidtools",
      "type": "git",
      "dir": null,
      "ref": "main",
      "url": "https://github.com/beihu235/extension-androidtools"
    },
    {
      "name": "funkin.vis",
      "type": "git",
      "dir": null,
      "ref": "main",
      "url": "https://github.com/beihu235/funkVis-FrequencyFixed"
    },
    {
      "name": "grig.audio",
      "type": "git",
      "dir": "src",
      "ref": "57f5d47f2533fd0c3dcd025a86cb86c0dfa0b6d2",
      "url": "https://gitlab.com/haxe-grig/grig.audio.git"
    }
  ]
}
