<?xml version="1.0" encoding="utf-8"?>
<project>
	<!-- _________________________ Application Settings _________________________ -->

	<app title="NovaFlare Engine" file="NovaFlare Engine" packageName="com.NovaFlareEngine" package="com.NovaFlareEngine" main="Main" version="1.1.1" company="beihu" />
	<!--Switch Export with Unique ApplicationID and Icon-->
	<set name="APP_ID" value="0x0100f6c013bbc000" />

	<!-- NOTE TO SELF: DISABLE THIS IF ISSUES ARE FOUND -->
	<haxedef name="LINC_LUA_RELATIVE_DYNAMIC_LIB"/> <!-- stable luas PUT AFTER FIRST LINE WITH APP NAME AND ETC -->

	<!--The flixel preloader is not accurate in Chrome. You can use it regularly if you embed the swf into a html file
		or you can set the actual size of your file manually at "FlxPreloaderBase-onUpdate-bytesTotal"-->
	<!-- <app preloader="Preloader" resizable="true" /> -->
	<app preloader="flixel.system.FlxPreloader" />

	<!--Minimum without FLX_NO_GAMEPAD: 11.8, without FLX_NO_NATIVE_CURSOR: 11.2-->
	<set name="SWF_VERSION" value="11.8" />
	
	<!-- ______________________ PSYCH ENGINE CUSTOMIZATION ______________________ -->

	<define name="MODS_ALLOWED" if="desktop || mobile || emscripten" />
	<define name="HSCRIPT_ALLOWED" if="desktop || mobile || web" />
	<define name="LUA_ALLOWED" if="desktop || mobile" unless="hl"/>
	<define name="ACHIEVEMENTS_ALLOWED" />
	<!--define name="DISCORD_ALLOWED" if="desktop" unless="hl"/-->
	<define name="PSYCH_WATERMARKS"/> <!-- DELETE THIS TO REMOVE WATERMARKS/DEV NAMES ON TITLE SCREEN -->
	<define name="VIDEOS_ALLOWED" if="desktop || mobile" unless="32bits || hl || NOVIDEO || rpi"/> <!-- i'll keep this cuz it makes vscode think i don't use videos -->
        <define name="CUSTOM_SHADERS_ALLOWED" if="LUA_ALLOWED"/>

	<section if="officialBuild">
		<define name="TITLE_SCREEN_EASTER_EGG"/>
	</section>

	<!-- ____________________________ Window Settings ___________________________ -->

	<!--These window settings apply to all targets-->
	<window width="1280" height="720" fps="" background="#000000" hardware="true" vsync="false" />

	<!--HTML5-specific-->
	<window if="html5" resizable="true" />

	<!--Desktop-specific-->
	<window if="desktop" orientation="landscape" fullscreen="false" resizable="true" vsync="false"/>

	<!--Mobile-specific-->
	<window if="mobile" orientation="landscape" fullscreen="true" resizable="false" allow-shaders="true" require-shaders="true" allow-high-dpi="true" />

	<!--Switch-specific-->
	<window if="switch" orientation="landscape" fullscreen="true" width="0" height="0" resizable="true" />

	<!-- _____________________________ Path Settings ____________________________ -->

	<set name="BUILD_DIR" value="export/debug" if="debug" />
	<set name="BUILD_DIR" value="export/release" unless="debug" />
	<set name="BUILD_DIR" value="export/32bit" if="32bits" />
        <set name="BUILD_DIR" value="export/rpi" if="rpi" />

	<classpath name="source" />

	<!-- __________________________ Game Assets & Etc. __________________________ -->

	<define name="PRELOAD_ALL" unless="web" />
	<define name="NO_PRELOAD_ALL" unless="PRELOAD_ALL"/>

	<!-- Assets -->
	<assets path="assets/fonts" />
	<assets path="assets/shared"        exclude="*.ogg" if="web"/>
	<assets path="assets/shared"        exclude="*.mp3" unless="web"/>
	<assets path="assets/videos"        library="videos"        if="VIDEOS_ALLOWED"/>
	<assets path="assets/songs"         library="songs"         exclude="*.ogg" if="web"/>
	<assets path="assets/songs"         library="songs"         exclude="*.mp3" unless="web"/>
	<assets path="assets/week_assets"   library="week_assets"   rename="assets" exclude="*.ogg" if="web"/>
	<assets path="assets/week_assets"   library="week_assets"   rename="assets" exclude="*.mp3" unless="web"/>
	<section if="TITLE_SCREEN_EASTER_EGG">
		<assets path="assets/secrets" rename="assets/shared" exclude="*.ogg" if="web"/>
		<assets path="assets/secrets" rename="assets/shared" exclude="*.mp3"  unless="web"/>
	</section>

	<library name="videos"        preload="true" if="VIDEOS_ALLOWED"/>

	<section if="PRELOAD_ALL">
	<library name="songs"         preload="true" />
	<library name="week_assets"   preload="true" />
	</section>

	<section if="NO_PRELOAD_ALL">
	<library name="songs"         preload="false" />
	<library name="week_assets"   preload="false" />
	</section>

	<define name="CHECK_FOR_UPDATES" />

	<section if="MODS_ALLOWED">
		<assets path='example_mods' rename='mods' embed='false'/>
	</section>
	<assets path='art/readme.txt' rename='do NOT readme.txt' unless="mobile"/>

	<!-- _______________________________ Libraries ______________________________ -->

	<haxelib name="flixel" />
	<haxelib name="flixel-ui" />
	<haxelib name="flixel-addons" />

	<!--Psych stuff needed-->
	<haxelib name="linc_luajit" if="LUA_ALLOWED"/>
	<haxelib name="SScript" if="HSCRIPT_ALLOWED"/>
	<haxelib name="hscript" if="HSCRIPT_ALLOWED"/>
	<haxelib name="hxCodec" if="VIDEOS_ALLOWED" unless="ios"/>
	<haxelib name="hxvlc" if="VIDEOS_ALLOWED ios"/>
	<haxelib name="hxdiscord_rpc" if="DISCORD_ALLOWED"/>
	<haxelib name="flxanimate" unless="html5"/>
	<haxelib name="tjson"/>

    <haxelib name="funkin.vis"/>
	<haxelib name="grig.audio" />
	
	<!-- Mobile Specific-->
	<haxelib name="extension-androidtools" if="android" />
	<!--<haxelib name="hx-ios-uikit" if="ios" />-->

	<!-- Disable Discord IO Thread -->
	<haxedef name="DISCORD_DISABLE_IO_THREAD" if="hxdiscord_rpc" />
	<haxedef name="NO_PRECOMPILED_HEADERS" if="linux" />

	<!-- Enables a terminal log prompt on debug builds -->
	<haxelib name="hxcpp-debug-server" if="debug"/>

	<!-- ______________________________ Haxedefines _____________________________ -->

	<!--Enable the Flixel core recording system-->
	<!--<haxedef name="FLX_RECORD" />-->

	<!--Disable the right and middle mouse buttons-->
	<!-- <haxedef name="FLX_NO_MOUSE_ADVANCED" /> -->

	<!--Disable the native cursor API on Flash-->
	<!--<haxedef name="FLX_NO_NATIVE_CURSOR" />-->

	<!--Optimise inputs, be careful you will get null errors if you don't use conditionals in your game-->
	<!-- <haxedef name="FLX_NO_MOUSE" if="mobile" /> -->
	<!-- <haxedef name="FLX_NO_KEYBOARD" if="mobile" /> -->
	<!-- <haxedef name="FLX_NO_TOUCH" if="desktop" /> -->
	<!--<haxedef name="FLX_NO_GAMEPAD" />-->

	<!--Disable the Flixel core sound tray-->
	<!--<haxedef name="FLX_NO_SOUND_TRAY" />-->

	<!--Disable the Flixel sound management code-->
	<!--<haxedef name="FLX_NO_SOUND_SYSTEM" />-->

	<!--Disable the Flixel core focus lost screen-->
	<haxedef name="FLX_NO_FOCUS_LOST_SCREEN" />

	<!-- Show debug traces for hxCodec -->
	<haxedef name="HXC_DEBUG_TRACE" if="debug hxCodec" />
        <haxedef name="HXC_LIBVLC_LOGGING" if="debug hxCodec" />
	
	<!--Disable the Flixel core debugger. Automatically gets set whenever you compile in release mode!-->
	<haxedef name="FLX_NO_DEBUG" unless="debug" />

	<!--Enable this for Nape release builds for a serious peformance improvement-->
	<haxedef name="NAPE_RELEASE_BUILD" unless="debug" />

	<haxedef name='no-deprecation-warnings' />

	<haxedef name='no-inline' if="html5"/>

		<!--Always enable Null Object Reference check-->
		<haxedef name="HXCPP_CHECK_POINTER" />
		<haxedef name="HXCPP_STACK_LINE" />
		<haxedef name="HXCPP_STACK_TRACE" />
	
		<section if="android">
			<!-- Do whatever you want I'm tired uninstall and install everytime -->
			<certificate path="key.keystore" password="psychengine" alias="psychport" alias-password="psychengine" unless="debug" />

			<!--Target SDK-->
			<android target-sdk-version="31" />

			<config:android permission="android.permission.MANAGE_EXTERNAL_STORAGE" />
			<config:android permission="android.permission.REQUEST_INSTALL_PACKAGES" />

			<!-- Fix Networking -->
			<config:android permission="android.permission.INTERNET" />
			<config:android permission="android.permission.ACCESS_NETWORK_STATE" />
		</section>

		<section if="ios">
			<define name='objc' />
			<ios linker-flags='-ObjC' />
		</section>

	<!--Avoid memory leaks with for loops in HScript-->
	<haxedef name="loop_unroll_max_cost" value="25" />
	<haxedef name="DISABLED_MACRO_SUPERLATIVE" />

	<!--Macro fixes-->
	<haxeflag name="--macro" value="allowPackage('flash')" />
	<haxeflag name="--macro" value="include('my.pack')" />
	<haxeflag name="--macro" value="macros.Keep.keepClasses()" />

	<!-- _________________________________ Custom _______________________________ -->

	<!--Place custom nodes like icons here (higher priority to override the HaxeFlixel icon)-->

	<assets path='art/icon16.png' rename='icon.png' if="linux" />
	<section if="mobile">
    	<icon path="art/icon16.png" size='16'/>
    	<icon path="art/icon32.png" size='32'/>
    	<icon path="art/icon64.png" size='64'/>
    	<icon path="art/iconOG.png" />
    </section>
    <section if="desktop">
    	<icon path="art/icon16-PC.png" size='16'/>
    	<icon path="art/icon32-PC.png" size='32'/>
    	<icon path="art/icon64-PC.png" size='64'/>
    	<icon path="art/iconOG-PC.png" />
    </section>
    
</project>
